# KMA warning zones (land, REG_ID L*). Source: 기상청21_기상특보 조회서비스_오픈API활용가이드_특보구역코드안내(260601).xlsx, Sheet2.
REG_ID,TM_ST,TM_ED,REG_SP,REG_UP,REG_KO,REG_NAME
L1000000,200507010000,210012310000,1,0,전국,전국
L1010000,200507010000,210012310000,2,L1000000,경기도,경기도
L1010200,200507010000,210012310000,13,L1010000,광명,광명시
L1010300,200507010000,210012310000,13,L1010000,과천,과천시
L1010400,200507010000,210012310000,113,L1010000,안산,안산시
L1010500,200507010000,210012310000,113,L1010000,시흥,시흥시
L1010600,200507010000,210012310000,13,L1010000,부천,부천시
L1010700,200507010000,210012310000,113,L1010000,김포,김포시
L1010900,200907010000,210012310000,113,L1110000,강화,강화군
L1011100,200507010000,210012310000,13,L1010000,동두천,동두천시
L1011200,200507010000,210012310000,13,L1010000,연천,연천군
L1011300,200507010000,210012310000,13,L1010000,포천,포천시
L1011400,200507010000,210012310000,13,L1010000,가평,가평군
L1011500,200507010000,210012310000,13,L1010000,고양,고양시
L1011600,200507010000,210012310000,13,L1010000,양주,양주시
L1011700,200507010000,210012310000,13,L1010000,의정부,의정부시
L1011900,200507010000,210012310000,13,L1010000,수원,수원시
L1012000,200507010000,210012310000,13,L1010000,성남,성남시
L1012100,200507010000,210012310000,13,L1010000,안양,안양시
L1012200,200507010000,210012310000,13,L1010000,구리,구리시
L1012300,200507010000,210012310000,13,L1010000,남양주,남양주시
L1012400,200507010000,210012310000,13,L1010000,오산,오산시
L1012500,200507010000,210012310000,113,L1010000,평택,평택시
L1012600,200507010000,210012310000,13,L1010000,군포,군포시
L1012700,200507010000,210012310000,13,L1010000,의왕,의왕시
L1012800,200507010000,210012310000,13,L1010000,하남,하남시
L1013000,200507010000,210012310000,13,L1010000,이천,이천시
L1013100,200507010000,210012310000,13,L1010000,안성,안성시
L1013200,200507010000,210012310000,113,L1010000,화성,화성시
L1013400,200507010000,210012310000,13,L1010000,광주,광주시
L1013600,201305290000,210012310000,113,L1110000,옹진,옹진군
L1013700,202605311330,210012310000,3,L1010000,파주,파주시
L1013710,202605311330,210012310000,14,L1013700,파주동북부,파주시동북부
L1013720,202605311330,210012310000,14,L1013700,파주서북부,파주시서북부
L1013730,202605311330,210012310000,14,L1013700,파주남부,파주시남부
L1013800,202605311330,210012310000,3,L1010000,용인,용인시
L1013810,202605311330,210012310000,14,L1013800,용인동북부,용인시동북부
L1013820,202605311330,210012310000,14,L1013800,용인서북부,용인시서북부
L1013830,202605311330,210012310000,14,L1013800,용인남부,용인시남부
L1013900,202605311330,210012310000,3,L1010000,여주,여주시
L1013910,202605311330,210012310000,14,L1013900,여주동남부,여주시동남부
L1013920,202605311330,210012310000,14,L1013900,여주서부,여주시서부
L1014000,200507010000,210012310000,102,L1000000,서해5도,서해5도
L1014200,202605311330,210012310000,113,L1014000,백령도.대청도,백령도.대청도
L1014300,202605311330,210012310000,113,L1014000,연평도.우도,연평도.우도
L1014400,202605311330,210012310000,3,L1010000,양평,양평군
L1014410,202605311330,210012310000,14,L1014400,양평동부,양평군동부
L1014420,202605311330,210012310000,14,L1014400,양평서부,양평군서부
L1020000,200507010000,210012310000,2,L1000000,강원도,강원도
L1020300,200507010000,210012310000,13,L1020000,태백,태백시
L1020800,200507010000,210012310000,13,L1020000,영월,영월군
L1021100,200507010000,210012310000,13,L1020000,횡성,횡성군
L1021200,200507010000,210012310000,13,L1020000,원주,원주시
L1021300,200507010000,210012310000,13,L1020000,철원,철원군
L1021400,200507010000,210012310000,13,L1020000,화천,화천군
L1021600,200507010000,210012310000,13,L1020000,춘천,춘천시
L1021900,202605311330,210012310000,103,L1020000,동해,동해시
L1021910,202605311330,210012310000,114,L1021900,동해평지,동해시평지
L1021920,202605311330,210012310000,10014,L1021900,동해산지,동해시산지
L1022000,202605311330,210012310000,103,L1020000,삼척,삼척시
L1022010,202605311330,210012310000,114,L1022000,삼척평지,삼척시평지
L1022020,202605311330,210012310000,10014,L1022000,삼척산지,삼척시산지
L1022100,202605311330,210012310000,103,L1020000,속초,속초시
L1022110,202605311330,210012310000,114,L1022100,속초평지,속초시평지
L1022120,202605311330,210012310000,10014,L1022100,속초산지,속초시산지
L1022200,202605311330,210012310000,103,L1020000,고성,고성군
L1022210,202605311330,210012310000,114,L1022200,고성평지,고성군평지
L1022220,202605311330,210012310000,10014,L1022200,고성산지,고성군산지
L1022300,202605311330,210012310000,103,L1020000,양양,양양군
L1022310,202605311330,210012310000,114,L1022300,양양평지,양양군평지
L1022320,202605311330,210012310000,10014,L1022300,양양산지,양양군산지
L1022400,202605311330,210012310000,3,L1020000,평창,평창군
L1022410,202605311330,210012310000,14,L1022400,평창평지,평창군평지
L1022420,202605311330,210012310000,10014,L1022400,평창산지,평창군산지
L1022500,202605311330,210012310000,103,L1020000,강릉,강릉시
L1022510,202605311330,210012310000,114,L1022500,강릉평지,강릉시평지
L1022520,202605311330,210012310000,10014,L1022500,강릉산지,강릉시산지
L1022600,202605311330,210012310000,3,L1020000,정선,정선군
L1022610,202605311330,210012310000,14,L1022600,정선평지,정선군평지
L1022620,202605311330,210012310000,10014,L1022600,정선산지,정선군산지
L1022700,202605311330,210012310000,3,L1020000,홍천,홍천군
L1022710,202605311330,210012310000,14,L1022700,홍천평지,홍천군평지
L1022720,202605311330,210012310000,10014,L1022700,홍천산지,홍천군산지
L1022800,202605311330,210012310000,3,L1020000,양구,양구군
L1022810,202605311330,210012310000,14,L1022800,양구평지,양구군평지
L1022820,202605311330,210012310000,10014,L1022800,양구산지,양구군산지
L1022900,202605311330,210012310000,3,L1020000,인제,인제군
L1022910,202605311330,210012310000,14,L1022900,인제평지,인제군평지
L1022920,202605311330,210012310000,10014,L1022900,인제산지,인제군산지
L1030000,200507010000,210012310000,2,L1000000,충청남도,충청남도
L1030100,200507010000,210012310000,13,L1120000,대전,대전광역시
L1030200,200507010000,210012310000,13,L1030000,천안,천안시
L1030300,200507010000,210012310000,13,L1030000,공주,공주시
L1030400,200507010000,210012310000,13,L1030000,아산,아산시
L1030500,200507010000,210012310000,13,L1030000,논산,논산시
L1030600,200507010000,210012310000,13,L1030000,금산,금산군
L1030800,200507010000,210012310000,13,L1030000,부여,부여군
L1030900,200507010000,210012310000,13,L1030000,청양,청양군
L1031000,200507010000,210012310000,13,L1030000,예산,예산군
L1031100,200507010000,210012310000,113,L1030000,태안,태안군
L1031200,201201020100,210012310000,113,L1030000,당진,당진시
L1031300,200507010000,210012310000,113,L1030000,서산,서산시
L1031500,200507010000,210012310000,113,L1030000,서천,서천군
L1031700,200507010000,210012310000,13,L1030000,계룡,계룡시
L1031900,202605311330,210012310000,103,L1030000,보령,보령시
L1031910,202605311330,210012310000,114,L1031900,보령(도서제외),보령(도서제외)
L1031920,202605311330,210012310000,114,L1031900,보령도서,보령도서
L1032000,202605311330,210012310000,103,L1030000,홍성,홍성군
L1032010,202605311330,210012310000,114,L1032000,홍성동부,홍성군동부
L1032020,202605311330,210012310000,114,L1032000,홍성서부,홍성군서부
L1040000,200507010000,210012310000,2,L1000000,충청북도,충청북도
L1040300,200507010000,210012310000,13,L1040000,보은,보은군
L1040400,200507010000,210012310000,13,L1040000,괴산,괴산군
L1040600,200507010000,210012310000,13,L1040000,옥천,옥천군
L1040700,200507010000,210012310000,13,L1040000,영동,영동군
L1040800,200507010000,210012310000,13,L1040000,충주,충주시
L1040900,200507010000,210012310000,13,L1040000,제천,제천시
L1041000,200507010000,210012310000,13,L1040000,진천,진천군
L1041100,200507010000,210012310000,13,L1040000,음성,음성군
L1041200,200507010000,210012310000,13,L1040000,단양,단양군
L1041300,200507010000,210012310000,13,L1040000,증평,증평군
L1041400,202605311330,210012310000,3,L1040000,청주,청주시
L1041410,202605311330,210012310000,14,L1041400,청주동부,청주시동부
L1041420,202605311330,210012310000,14,L1041400,청주서부,청주시서부
L1050000,200507010000,210012310000,2,L1000000,전라남도,전라남도
L1050300,200507010000,210012310000,13,L1050000,담양,담양군
L1050600,200507010000,210012310000,13,L1050000,장성,장성군
L1050700,200507010000,210012310000,13,L1050000,화순,화순군
L1050900,200507010000,210012310000,113,L1050000,보성,보성군
L1051000,200507010000,210012310000,113,L1050000,여수,여수시
L1051100,200507010000,210012310000,113,L1050000,광양,광양시
L1051200,200507010000,210012310000,113,L1050000,순천,순천시
L1051300,200507010000,210012310000,113,L1050000,장흥,장흥군
L1051400,200507010000,210012310000,113,L1050000,강진,강진군
L1051700,200507010000,210012310000,113,L1050000,영암,영암군
L1051900,200507010000,210012310000,113,L1050000,함평,함평군
L1052100,200507010000,210012310000,113,L1050000,목포,목포시
L1052200,200507010000,210012310000,113,L1050000,신안(흑산면제외),신안군(흑산면제외)
L1052300,200507010000,210012310000,113,L1050000,진도,진도군
L1052400,200507010000,210012310000,102,L1000000,흑산도.홍도,흑산도.홍도
L1052500,200507010000,210012310000,113,L1052400,흑산도.홍도,흑산도.홍도
L1052600,201512281100,210012310000,113,L1050000,거문도.초도,거문도.초도
L1052700,202605311330,210012310000,103,L1050000,영광,영광군
L1052710,202605311330,210012310000,114,L1052700,영광(낙월면 제외),영광군(낙월면 제외)
L1052720,202605311330,210012310000,114,L1052700,영광낙월면,영광낙월면
L1052800,202605311330,210012310000,3,L1050000,나주,나주시
L1052810,202605311330,210012310000,14,L1052800,나주동남부,나주시동남부
L1052820,202605311330,210012310000,14,L1052800,나주서북부,나주시서북부
L1052900,202605311330,210012310000,3,L1050000,곡성,곡성군
L1052910,202605311330,210012310000,14,L1052900,곡성북부,곡성군북부
L1052920,202605311330,210012310000,14,L1052900,곡성남부,곡성군남부
L1053000,202605311330,210012310000,3,L1050000,구례,구례군
L1053010,202605311330,210012310000,14,L1053000,구례평지,구례군평지
L1053020,202605311330,210012310000,10014,L1053000,구례산간,구례군산간
L1053100,202605311330,210012310000,103,L1050000,고흥,고흥군
L1053110,202605311330,210012310000,114,L1053100,고흥북부,고흥군북부
L1053120,202605311330,210012310000,114,L1053100,고흥남부,고흥군남부
L1053200,202605311330,210012310000,103,L1050000,해남,해남군
L1053210,202605311330,210012310000,114,L1053200,해남북부,해남군북부
L1053220,202605311330,210012310000,114,L1053200,해남남부,해남군남부
L1053300,202605311330,210012310000,103,L1050000,완도,완도군
L1053310,202605311330,210012310000,114,L1053300,완도(여서도 제외),완도군(여서도 제외)
L1053320,202605311330,210012310000,114,L1053300,완도여서도,완도군여서도
L1053400,202605311330,210012310000,103,L1050000,무안,무안군
L1053410,202605311330,210012310000,114,L1053400,무안북부,무안군북부
L1053420,202605311330,210012310000,114,L1053400,무안남부,무안군남부
L1060000,202405301100,210012310000,2,L1000000,전북자치도,전북자치도
L1060100,200507010000,210012310000,113,L1060000,고창,고창군
L1060400,200507010000,210012310000,113,L1060000,김제,김제시
L1060500,200507010000,210012310000,13,L1060000,완주,완주군
L1060600,200507010000,210012310000,13,L1060000,진안,진안군
L1060700,200507010000,210012310000,13,L1060000,무주,무주군
L1060800,200507010000,210012310000,13,L1060000,장수,장수군
L1060900,200507010000,210012310000,13,L1060000,임실,임실군
L1061000,200507010000,210012310000,13,L1060000,순창,순창군
L1061100,200507010000,210012310000,13,L1060000,익산,익산시
L1061200,200507010000,210012310000,13,L1060000,정읍,정읍시
L1061300,200507010000,210012310000,13,L1060000,전주,전주시
L1061400,200507010000,210012310000,13,L1060000,남원,남원시
L1061500,202605311330,210012310000,103,L1060000,부안,부안군
L1061510,202605311330,210012310000,114,L1061500,부안(위도면 제외),부안군(위도면 제외)
L1061520,202605311330,210012310000,114,L1061500,부안위도면,부안위도면
L1061600,202605311330,210012310000,103,L1060000,군산,군산시
L1061610,202605311330,210012310000,114,L1061600,군산(옥도면 제외),군산시(옥도면 제외)
L1061620,202605311330,210012310000,114,L1061600,군산옥도면(어청도 제외),군산옥도면(어청도 제외)
L1061630,202605311330,210012310000,114,L1061600,군산어청도,군산어청도
L1070000,200507010000,210012310000,2,L1000000,경상북도,경상북도
L1070200,202311300930,210012310000,13,L1140000,군위,군위군
L1070300,200507010000,210012310000,13,L1070000,구미,구미시
L1070400,200507010000,210012310000,13,L1070000,영천,영천시
L1070500,200507010000,210012310000,13,L1070000,경산,경산시
L1070700,200507010000,210012310000,13,L1070000,청도,청도군
L1070800,200507010000,210012310000,13,L1070000,고령,고령군
L1070900,200507010000,210012310000,13,L1070000,성주,성주군
L1071000,200507010000,210012310000,13,L1070000,칠곡,칠곡군
L1071200,200507010000,210012310000,13,L1070000,상주,상주시
L1071300,200507010000,210012310000,13,L1070000,문경,문경시
L1071400,200507010000,210012310000,13,L1070000,예천,예천군
L1071600,200507010000,210012310000,13,L1070000,영주,영주시
L1071700,200507010000,210012310000,13,L1070000,의성,의성군
L1071800,200507010000,210012310000,13,L1070000,청송,청송군
L1072100,200507010000,210012310000,113,L1600000,울릉도.독도,울릉도.독도
L1072200,200507010000,210012310000,113,L1070000,영덕,영덕군
L1072400,200507010000,210012310000,113,L1070000,포항,포항시
L1072600,202605311330,210012310000,3,L1070000,김천,김천시
L1072610,202605311330,210012310000,14,L1072600,김천북부,김천시북부
L1072620,202605311330,210012310000,14,L1072600,김천남부,김천시남부
L1072700,202605311330,210012310000,3,L1070000,안동,안동시
L1072710,202605311330,210012310000,14,L1072700,안동북부,안동시북부
L1072720,202605311330,210012310000,14,L1072700,안동동남부,안동시동남부
L1072730,202605311330,210012310000,14,L1072700,안동서부,안동시서부
L1072800,202605311330,210012310000,3,L1070000,영양,영양군
L1072810,202605311330,210012310000,14,L1072800,영양평지,영양군평지
L1072820,202605311330,210012310000,10014,L1072800,영양산지,영양군산지
L1072900,202605311330,210012310000,3,L1070000,봉화,봉화군
L1072910,202605311330,210012310000,14,L1072900,봉화평지,봉화군평지
L1072920,202605311330,210012310000,10014,L1072900,봉화산지,봉화군산지
L1073000,202605311330,210012310000,103,L1070000,울진,울진군
L1073010,202605311330,210012310000,114,L1073000,울진평지,울진군평지
L1073020,202605311330,210012310000,10014,L1073000,울진산지,울진군산지
L1073100,202605311330,210012310000,103,L1070000,경주,경주시
L1073110,202605311330,210012310000,14,L1073100,경주중북부,경주시중북부
L1073120,202605311330,210012310000,114,L1073100,경주동부,경주시동부
L1073130,202605311330,210012310000,14,L1073100,경주남부,경주시남부
L1073140,202605311330,210012310000,14,L1073100,경주서부,경주시서부
L1080000,200507010000,210012310000,2,L1000000,경상남도,경상남도
L1080500,200507010000,210012310000,13,L1080000,양산,양산시
L1080600,200507010000,210012310000,113,L1080000,창원,창원시
L1080900,200507010000,210012310000,13,L1080000,김해,김해시
L1081000,200507010000,210012310000,13,L1080000,밀양,밀양시
L1081100,200507010000,210012310000,13,L1080000,의령,의령군
L1081200,200507010000,210012310000,13,L1080000,함안,함안군
L1081300,200507010000,210012310000,13,L1080000,창녕,창녕군
L1081400,200507010000,210012310000,13,L1080000,진주,진주시
L1082000,200507010000,210012310000,113,L1080000,통영,통영시
L1082100,200507010000,210012310000,113,L1080000,사천,사천시
L1082200,200507010000,210012310000,113,L1080000,거제,거제시
L1082300,200507010000,210012310000,113,L1080000,고성,고성군
L1082400,200507010000,210012310000,113,L1080000,남해,남해군
L1082500,202405301100,210012310000,113,L1150000,부산동부,부산동부
L1082600,202405301100,210012310000,113,L1150000,부산중부,부산중부
L1082700,202405301100,210012310000,113,L1150000,부산서부,부산서부
L1082800,202405301100,210012310000,113,L1160000,울산동부,울산동부
L1082900,202405301100,210012310000,113,L1160000,울산서부,울산서부
L1083000,202605311330,210012310000,103,L1080000,하동,하동군
L1083010,202605311330,210012310000,14,L1083000,하동북부,하동군북부
L1083020,202605311330,210012310000,114,L1083000,하동남부,하동군남부
L1083100,202605311330,210012310000,3,L1080000,산청,산청군
L1083110,202605311330,210012310000,14,L1083100,산청북부,산청군북부
L1083120,202605311330,210012310000,14,L1083100,산청서남부,산청군서남부
L1083130,202605311330,210012310000,14,L1083100,산청동남부,산청군동남부
L1083200,202605311330,210012310000,3,L1080000,함양,함양군
L1083210,202605311330,210012310000,14,L1083200,함양중부,함양중부
L1083220,202605311330,210012310000,14,L1083200,함양서북부,함양서북부
L1083300,202605311330,210012310000,3,L1080000,거창,거창군
L1083310,202605311330,210012310000,14,L1083300,거창북부,거창군북부
L1083320,202605311330,210012310000,14,L1083300,거창남부,거창군남부
L1083400,202605311330,210012310000,3,L1080000,합천,합천군
L1083410,202605311330,210012310000,14,L1083400,합천서북부,합천군서북부
L1083420,202605311330,210012310000,14,L1083400,합천중부,합천군중부
L1083430,202605311330,210012310000,14,L1083400,합천남부,합천군남부
L1090000,200507010000,210012310000,2,L1000000,제주도,제주도
L1090500,200507010000,210012310000,13,L1090000,제주도산지,제주도산지
L1091000,201512281100,210012310000,113,L1090000,추자도,추자도
L1091300,202605311330,210012310000,103,L1090000,제주시(산지 제외),제주시(산지 제외)
L1091310,202605311330,210012310000,114,L1091300,제주시서부,제주시서부
L1091320,202605311330,210012310000,114,L1091300,제주시북부,제주시북부
L1091330,202605311330,210012310000,114,L1091300,제주시동부,제주시동부
L1091340,202605311330,210012310000,14,L1091300,제주시중산간,제주시중산간
L1091400,202605311330,210012310000,103,L1090000,서귀포시(산지 제외),서귀포시(산지 제외)
L1091410,202605311330,210012310000,114,L1091400,서귀포시서부,서귀포시서부
L1091420,202605311330,210012310000,114,L1091400,서귀포시남부,서귀포시남부
L1091430,202605311330,210012310000,114,L1091400,서귀포시동부,서귀포시동부
L1091440,202605311330,210012310000,14,L1091400,서귀포시중산간,서귀포시중산간
L1100000,200507010000,210012310000,2,L1000000,서울,서울특별시
L1100100,202005141100,210012310000,13,L1100000,서울동남권,서울동남권
L1100200,202005141100,210012310000,13,L1100000,서울동북권,서울동북권
L1100300,202005141100,210012310000,13,L1100000,서울서남권,서울서남권
L1100400,202005141100,210012310000,13,L1100000,서울서북권,서울서북권
L1110000,200507010000,210012310000,102,L1000000,인천,인천광역시
L1110100,202605311330,210012310000,103,L1110000,인천,인천광역시
L1110110,202605311330,210012310000,114,L1110100,인천영종,인천영종
L1110120,202605311330,210012310000,114,L1110100,인천남부,인천남부
L1110130,202605311330,210012310000,114,L1110100,인천북부,인천북부
L1120000,200507010000,210012310000,2,L1000000,대전,대전광역시
L1130000,200507010000,210012310000,2,L1000000,광주,광주광역시
L1130100,202605311330,210012310000,3,L1130000,광주,광주광역시
L1130110,202605311330,210012310000,14,L1130100,광주서부,광주서부
L1130120,202605311330,210012310000,14,L1130100,광주동부,광주동부
L1140000,200507010000,210012310000,2,L1000000,대구,대구광역시
L1140100,202605311330,210012310000,13,L1140000,대구중부,대구중부
L1140200,202605311330,210012310000,3,L1140000,달성,달성군
L1140210,202605311330,210012310000,14,L1140200,달성북부,달성군북부
L1140220,202605311330,210012310000,14,L1140200,달성남부,달성군남부
L1150000,200507010000,210012310000,102,L1000000,부산,부산광역시
L1160000,200507010000,210012310000,102,L1000000,울산,울산광역시
L1170000,201206210000,210012310000,2,L1000000,세종,세종특별자치시
L1170100,202605311330,210012310000,3,L1170000,세종,세종특별자치시
L1170110,202605311330,210012310000,14,L1170100,세종북부,세종북부
L1170120,202605311330,210012310000,14,L1170100,세종남부,세종남부
L1600000,200507010000,210012310000,102,L1000000,울릉도.독도,울릉도.독도
